--
-- PostgreSQL database dump
--

-- Dumped from database version 14.5
-- Dumped by pg_dump version 14.5

SET statement_timeout = 0;
SET lock_timeout = 0;
SET idle_in_transaction_session_timeout = 0;
SET client_encoding = 'UTF8';
SET standard_conforming_strings = on;
SELECT pg_catalog.set_config('search_path', '', false);
SET check_function_bodies = false;
SET xmloption = content;
SET client_min_messages = warning;
SET row_security = off;

--
-- Name: pg_trgm; Type: EXTENSION; Schema: -; Owner: -
--

CREATE EXTENSION IF NOT EXISTS pg_trgm WITH SCHEMA public;


--
-- Name: EXTENSION pg_trgm; Type: COMMENT; Schema: -; Owner: 
--

COMMENT ON EXTENSION pg_trgm IS 'text similarity measurement and index searching based on trigrams';


--
-- Name: ackfock; Type: TYPE; Schema: public; Owner: ackfock
--

CREATE TYPE public.ackfock AS ENUM (
    'ACK',
    'FOCK'
);


ALTER TYPE public.ackfock OWNER TO ackfock;

--
-- Name: trigger_set_timestamp(); Type: FUNCTION; Schema: public; Owner: ackfock
--

CREATE FUNCTION public.trigger_set_timestamp() RETURNS trigger
    LANGUAGE plpgsql
    AS $$
BEGIN
  NEW.updated_at = NOW();
  RETURN NEW;
END;
$$;


ALTER FUNCTION public.trigger_set_timestamp() OWNER TO ackfock;

SET default_tablespace = '';

SET default_table_access_method = heap;

--
-- Name: account; Type: TABLE; Schema: public; Owner: ackfock
--

CREATE TABLE public.account (
    id character varying(36) DEFAULT gen_random_uuid() NOT NULL,
    email character varying NOT NULL,
    username character varying NOT NULL,
    password character varying NOT NULL,
    created_at timestamp with time zone DEFAULT now() NOT NULL,
    updated_at timestamp with time zone DEFAULT now() NOT NULL,
    email_activated_at timestamp with time zone,
    token character varying DEFAULT gen_random_uuid() NOT NULL
);


ALTER TABLE public.account OWNER TO ackfock;

--
-- Name: account_ackfock; Type: TABLE; Schema: public; Owner: ackfock
--

CREATE TABLE public.account_ackfock (
    account_id character varying(36) NOT NULL,
    memo_id character varying(36) NOT NULL,
    ackfock public.ackfock NOT NULL,
    created_at timestamp with time zone DEFAULT now() NOT NULL
);


ALTER TABLE public.account_ackfock OWNER TO ackfock;

--
-- Name: account_channel_access; Type: TABLE; Schema: public; Owner: ackfock
--

CREATE TABLE public.account_channel_access (
    account_id character varying(36) NOT NULL,
    channel_id character varying(36) NOT NULL,
    created_at timestamp with time zone DEFAULT now() NOT NULL
);


ALTER TABLE public.account_channel_access OWNER TO ackfock;

--
-- Name: activation_code; Type: TABLE; Schema: public; Owner: ackfock
--

CREATE TABLE public.activation_code (
    code character varying(255) NOT NULL,
    email character varying NOT NULL,
    created_at timestamp with time zone DEFAULT now() NOT NULL,
    valid_until timestamp with time zone NOT NULL
);


ALTER TABLE public.activation_code OWNER TO ackfock;

--
-- Name: channel; Type: TABLE; Schema: public; Owner: ackfock
--

CREATE TABLE public.channel (
    id character varying(36) DEFAULT gen_random_uuid() NOT NULL,
    name character varying DEFAULT 'unnamed'::character varying NOT NULL,
    created_at timestamp with time zone DEFAULT now() NOT NULL
);


ALTER TABLE public.channel OWNER TO ackfock;

--
-- Name: content; Type: TABLE; Schema: public; Owner: ackfock
--

CREATE TABLE public.content (
    key character varying,
    value character varying,
    parent character varying,
    title character varying,
    username character varying,
    createdate timestamp with time zone DEFAULT now()
);


ALTER TABLE public.content OWNER TO ackfock;

--
-- Name: get_column_real_type; Type: TABLE; Schema: public; Owner: ackfock
--

CREATE TABLE public.get_column_real_type (
    test timestamp with time zone
);


ALTER TABLE public.get_column_real_type OWNER TO ackfock;

--
-- Name: invitation_code; Type: TABLE; Schema: public; Owner: ackfock
--

CREATE TABLE public.invitation_code (
    code character varying(255) NOT NULL,
    source_account_id character varying(36) NOT NULL,
    used_by_account_id character varying(36),
    channel_id character varying(36) NOT NULL,
    created_at timestamp with time zone DEFAULT now() NOT NULL,
    valid_until timestamp with time zone NOT NULL
);


ALTER TABLE public.invitation_code OWNER TO ackfock;

--
-- Name: memo; Type: TABLE; Schema: public; Owner: ackfock
--

CREATE TABLE public.memo (
    id character varying(36) DEFAULT gen_random_uuid() NOT NULL,
    content text DEFAULT ''::text NOT NULL,
    created_at timestamp with time zone DEFAULT now() NOT NULL,
    channel_id character varying(36),
    creator_id character varying(36) NOT NULL,
    parent_memo_id character varying(36),
    as_an_update boolean DEFAULT false NOT NULL,
    CONSTRAINT memo_check CHECK ((NOT ((parent_memo_id IS NULL) AND (as_an_update = true))))
);


ALTER TABLE public.memo OWNER TO ackfock;

--
-- Name: migration; Type: TABLE; Schema: public; Owner: ackfock
--

CREATE TABLE public.migration (
    id bigint NOT NULL,
    kind character varying(255) NOT NULL,
    description character varying(4096) NOT NULL,
    applied timestamp without time zone DEFAULT CURRENT_TIMESTAMP
);


ALTER TABLE public.migration OWNER TO ackfock;

--
-- Name: schema_migrations; Type: TABLE; Schema: public; Owner: ackfock
--

CREATE TABLE public.schema_migrations (
    version character varying(255) NOT NULL,
    applied_at timestamp with time zone DEFAULT CURRENT_TIMESTAMP
);


ALTER TABLE public.schema_migrations OWNER TO ackfock;

--
-- Data for Name: account; Type: TABLE DATA; Schema: public; Owner: ackfock
--

COPY public.account (id, email, username, password, created_at, updated_at, email_activated_at, token) FROM stdin;
93b0318e-1ab5-4e79-b808-fce8b6b4e447	ccc@ccc.org	ccc	PBKDF2$SHA256:20000$0159551bd31e3aa60d0863cef52e1095$e842bd17ac454f5cc8f90deaac93aa917e1fceb4b5db10c0d7dfdecbf542a5d3	2022-04-13 00:53:56.008867-07	2022-04-13 00:53:56.008867-07	\N	e4d903a4-559d-42a8-b624-544539c890df
ae91800b-cd9e-43c3-a674-86832872a794	old_corker@shaka.today	corker	PBKDF2$SHA256:20000$fa5b85de635994267d9f77161395528a$c748dcfe54e745d4849d220be7cd62683a9aa8570ee0b540cee88bb924077716	2022-04-25 03:13:10.747195-07	2022-06-09 07:40:30.29421-07	2022-04-25 18:14:26.467242-07	63feef39-f5ed-4884-a32c-5082939b3ccb
5fc87a5a-5008-4f7c-a052-76f7bdcc1f20	eee@eee.org	eeee	PBKDF2$SHA256:20000$b217d803c9b369aa6d0fbf469feb09f6$a52eaaff38850891eb024b808918ee1b3603c54b97f90a6d2ce4ac1d214757bb	2022-07-27 23:00:53.015972-07	2022-07-27 23:00:53.015972-07	\N	3eda33c00f3c450ab48610bfb60c99d8
1f05aad5-c084-4e3b-a961-6cfaa5458644	aaa@aaa.org	aaa	PBKDF2$SHA256:20000$f01c67e9ea9b4c8082e577d782db0ddb$ab01ca0c802e2a3c8942c8467d7dff9dbe2e1ec029a2e9b36422b4fd6eeb443b	2022-04-13 00:57:15.004254-07	2022-09-07 05:10:44.505948-07	\N	0800fdc3-1a49-44d9-920f-e4cfef2a3e21
6621423e-af27-4b68-8c09-1fefe8c05755	casts-trivial.0o@icloud.com	Casts	PBKDF2$SHA256:20000$eed8d0edfb7f774740b2dc5451d2d041$748ff422ecfe348159919fc7130ed9e11413c5cb7b97d3a13b87f56ebfd0c219	2022-06-10 01:49:11.431178-07	2022-07-02 11:30:58.477335-07	2022-06-10 16:49:58.034282-07	3ef6b39f0e864aac92129ff62822eaf3
8fb8523a-0cc7-4c3f-8617-760831375158	danielviolin0723@gmail.com	shakachen	PBKDF2$SHA256:20000$aa0b8e75ecec631ab314579f948c3d81$a335a9c78f7d038f4da4e9c44d947bcb62ce8c29483d31d2c5870fdd60cf9081	2022-07-02 11:06:14.025768-07	2022-09-12 21:57:27.403006-07	2022-07-03 02:11:51.53047-07	70c48f59b2ba4ce2b37090dbfc8a8781
7e05e269-64d7-4cec-a65a-4d4fb4ece7f9	edge-frosty.0r@icloud.com	edge-frosty.0r@icloud.com	PBKDF2$SHA256:20000$beb79c5295d4b7724ac0f1bfa678c4c7$0c9174a8478a3649dbe37ed692058ce3cc41d7bf60243738d61a5fde612cfc1e	2022-08-17 02:14:44.381161-07	2022-08-17 02:15:42.749904-07	2022-08-17 17:15:42.742855-07	1270d7f7-dd6d-423e-aed7-4598fb55cceb
\.


--
-- Data for Name: account_ackfock; Type: TABLE DATA; Schema: public; Owner: ackfock
--

COPY public.account_ackfock (account_id, memo_id, ackfock, created_at) FROM stdin;
93b0318e-1ab5-4e79-b808-fce8b6b4e447	279e3230-8013-463b-ac90-f36075f7f92a	FOCK	2022-05-25 09:11:56.495144-07
1f05aad5-c084-4e3b-a961-6cfaa5458644	279e3230-8013-463b-ac90-f36075f7f92a	ACK	2022-05-25 09:11:56.495144-07
1f05aad5-c084-4e3b-a961-6cfaa5458644	33f8914e-bcfb-4e1f-96ae-15fef7ed2e19	ACK	2022-06-16 22:51:29.6757-07
1f05aad5-c084-4e3b-a961-6cfaa5458644	33f8914e-bcfb-4e1f-96ae-15fef7ed2e19	FOCK	2022-06-16 22:51:31.274713-07
1f05aad5-c084-4e3b-a961-6cfaa5458644	33f8914e-bcfb-4e1f-96ae-15fef7ed2e19	ACK	2022-06-16 22:51:32.415691-07
1f05aad5-c084-4e3b-a961-6cfaa5458644	33f8914e-bcfb-4e1f-96ae-15fef7ed2e19	FOCK	2022-06-16 22:51:33.338905-07
1f05aad5-c084-4e3b-a961-6cfaa5458644	33f8914e-bcfb-4e1f-96ae-15fef7ed2e19	ACK	2022-06-16 22:51:34.625337-07
1f05aad5-c084-4e3b-a961-6cfaa5458644	279e3230-8013-463b-ac90-f36075f7f92a	ACK	2022-06-16 22:51:38.131308-07
1f05aad5-c084-4e3b-a961-6cfaa5458644	279e3230-8013-463b-ac90-f36075f7f92a	ACK	2022-06-16 22:51:40.296946-07
1f05aad5-c084-4e3b-a961-6cfaa5458644	279e3230-8013-463b-ac90-f36075f7f92a	ACK	2022-06-16 22:51:41.063517-07
1f05aad5-c084-4e3b-a961-6cfaa5458644	279e3230-8013-463b-ac90-f36075f7f92a	ACK	2022-06-16 22:51:42.15478-07
1f05aad5-c084-4e3b-a961-6cfaa5458644	279e3230-8013-463b-ac90-f36075f7f92a	FOCK	2022-06-16 22:51:43.030214-07
1f05aad5-c084-4e3b-a961-6cfaa5458644	279e3230-8013-463b-ac90-f36075f7f92a	ACK	2022-06-16 22:51:43.925907-07
1f05aad5-c084-4e3b-a961-6cfaa5458644	279e3230-8013-463b-ac90-f36075f7f92a	FOCK	2022-06-16 22:51:44.66142-07
1f05aad5-c084-4e3b-a961-6cfaa5458644	33f8914e-bcfb-4e1f-96ae-15fef7ed2e19	ACK	2022-06-16 22:51:47.942871-07
1f05aad5-c084-4e3b-a961-6cfaa5458644	279e3230-8013-463b-ac90-f36075f7f92a	ACK	2022-06-16 22:51:56.408225-07
1f05aad5-c084-4e3b-a961-6cfaa5458644	279e3230-8013-463b-ac90-f36075f7f92a	ACK	2022-06-16 22:52:06.004832-07
1f05aad5-c084-4e3b-a961-6cfaa5458644	279e3230-8013-463b-ac90-f36075f7f92a	ACK	2022-06-16 22:52:06.552335-07
1f05aad5-c084-4e3b-a961-6cfaa5458644	279e3230-8013-463b-ac90-f36075f7f92a	ACK	2022-06-16 22:52:06.940297-07
1f05aad5-c084-4e3b-a961-6cfaa5458644	279e3230-8013-463b-ac90-f36075f7f92a	FOCK	2022-06-16 22:52:07.886099-07
1f05aad5-c084-4e3b-a961-6cfaa5458644	279e3230-8013-463b-ac90-f36075f7f92a	ACK	2022-06-16 22:52:08.654629-07
1f05aad5-c084-4e3b-a961-6cfaa5458644	279e3230-8013-463b-ac90-f36075f7f92a	ACK	2022-06-16 22:52:10.137457-07
1f05aad5-c084-4e3b-a961-6cfaa5458644	279e3230-8013-463b-ac90-f36075f7f92a	FOCK	2022-06-16 22:52:10.771017-07
1f05aad5-c084-4e3b-a961-6cfaa5458644	33f8914e-bcfb-4e1f-96ae-15fef7ed2e19	FOCK	2022-06-16 22:52:14.062971-07
1f05aad5-c084-4e3b-a961-6cfaa5458644	33f8914e-bcfb-4e1f-96ae-15fef7ed2e19	ACK	2022-06-16 23:17:20.058137-07
1f05aad5-c084-4e3b-a961-6cfaa5458644	33f8914e-bcfb-4e1f-96ae-15fef7ed2e19	FOCK	2022-06-16 23:17:21.125534-07
1f05aad5-c084-4e3b-a961-6cfaa5458644	33f8914e-bcfb-4e1f-96ae-15fef7ed2e19	ACK	2022-06-16 23:17:22.174783-07
1f05aad5-c084-4e3b-a961-6cfaa5458644	c45279b8-bd67-4f8a-ac0c-6dfe7b9c59c3	ACK	2022-06-16 23:17:23.156256-07
1f05aad5-c084-4e3b-a961-6cfaa5458644	c45279b8-bd67-4f8a-ac0c-6dfe7b9c59c3	ACK	2022-06-16 23:17:24.109372-07
1f05aad5-c084-4e3b-a961-6cfaa5458644	279e3230-8013-463b-ac90-f36075f7f92a	ACK	2022-06-16 23:17:27.425714-07
1f05aad5-c084-4e3b-a961-6cfaa5458644	279e3230-8013-463b-ac90-f36075f7f92a	ACK	2022-06-16 23:17:27.872309-07
1f05aad5-c084-4e3b-a961-6cfaa5458644	279e3230-8013-463b-ac90-f36075f7f92a	ACK	2022-06-16 23:17:28.22427-07
1f05aad5-c084-4e3b-a961-6cfaa5458644	279e3230-8013-463b-ac90-f36075f7f92a	ACK	2022-06-16 23:17:28.53823-07
1f05aad5-c084-4e3b-a961-6cfaa5458644	279e3230-8013-463b-ac90-f36075f7f92a	ACK	2022-06-16 23:17:28.891061-07
1f05aad5-c084-4e3b-a961-6cfaa5458644	279e3230-8013-463b-ac90-f36075f7f92a	FOCK	2022-06-16 23:17:29.740536-07
1f05aad5-c084-4e3b-a961-6cfaa5458644	279e3230-8013-463b-ac90-f36075f7f92a	FOCK	2022-06-16 23:17:30.139465-07
1f05aad5-c084-4e3b-a961-6cfaa5458644	33f8914e-bcfb-4e1f-96ae-15fef7ed2e19	FOCK	2022-06-16 23:17:32.566358-07
1f05aad5-c084-4e3b-a961-6cfaa5458644	33f8914e-bcfb-4e1f-96ae-15fef7ed2e19	ACK	2022-06-16 23:17:33.519829-07
1f05aad5-c084-4e3b-a961-6cfaa5458644	279e3230-8013-463b-ac90-f36075f7f92a	ACK	2022-06-17 00:14:18.238429-07
1f05aad5-c084-4e3b-a961-6cfaa5458644	279e3230-8013-463b-ac90-f36075f7f92a	FOCK	2022-06-17 00:14:19.712805-07
1f05aad5-c084-4e3b-a961-6cfaa5458644	279e3230-8013-463b-ac90-f36075f7f92a	ACK	2022-06-17 00:14:20.707958-07
1f05aad5-c084-4e3b-a961-6cfaa5458644	279e3230-8013-463b-ac90-f36075f7f92a	FOCK	2022-06-17 00:14:21.590633-07
1f05aad5-c084-4e3b-a961-6cfaa5458644	279e3230-8013-463b-ac90-f36075f7f92a	ACK	2022-06-17 00:14:22.540422-07
1f05aad5-c084-4e3b-a961-6cfaa5458644	279e3230-8013-463b-ac90-f36075f7f92a	FOCK	2022-06-17 00:14:23.257796-07
1f05aad5-c084-4e3b-a961-6cfaa5458644	33f8914e-bcfb-4e1f-96ae-15fef7ed2e19	FOCK	2022-06-17 00:14:25.455438-07
1f05aad5-c084-4e3b-a961-6cfaa5458644	33f8914e-bcfb-4e1f-96ae-15fef7ed2e19	ACK	2022-06-17 00:14:26.10213-07
1f05aad5-c084-4e3b-a961-6cfaa5458644	279e3230-8013-463b-ac90-f36075f7f92a	ACK	2022-06-17 05:16:17.603096-07
1f05aad5-c084-4e3b-a961-6cfaa5458644	279e3230-8013-463b-ac90-f36075f7f92a	FOCK	2022-06-17 05:16:18.871363-07
1f05aad5-c084-4e3b-a961-6cfaa5458644	279e3230-8013-463b-ac90-f36075f7f92a	ACK	2022-06-17 05:16:19.753883-07
1f05aad5-c084-4e3b-a961-6cfaa5458644	abc46ebf-d76d-476b-8a05-a22d740c2066	ACK	2022-06-17 07:25:39.781444-07
1f05aad5-c084-4e3b-a961-6cfaa5458644	abc46ebf-d76d-476b-8a05-a22d740c2066	FOCK	2022-06-17 07:25:40.864481-07
1f05aad5-c084-4e3b-a961-6cfaa5458644	abc46ebf-d76d-476b-8a05-a22d740c2066	ACK	2022-06-17 07:25:41.860518-07
1f05aad5-c084-4e3b-a961-6cfaa5458644	09960791-9580-48e1-bd0a-7d595935a204	FOCK	2022-06-17 07:26:33.946801-07
1f05aad5-c084-4e3b-a961-6cfaa5458644	09960791-9580-48e1-bd0a-7d595935a204	ACK	2022-06-17 07:26:37.191399-07
1f05aad5-c084-4e3b-a961-6cfaa5458644	09960791-9580-48e1-bd0a-7d595935a204	FOCK	2022-06-17 07:26:37.990315-07
1f05aad5-c084-4e3b-a961-6cfaa5458644	09960791-9580-48e1-bd0a-7d595935a204	ACK	2022-06-19 20:12:07.242569-07
1f05aad5-c084-4e3b-a961-6cfaa5458644	09960791-9580-48e1-bd0a-7d595935a204	FOCK	2022-06-19 20:12:08.337208-07
1f05aad5-c084-4e3b-a961-6cfaa5458644	279e3230-8013-463b-ac90-f36075f7f92a	ACK	2022-06-19 20:12:11.214555-07
1f05aad5-c084-4e3b-a961-6cfaa5458644	279e3230-8013-463b-ac90-f36075f7f92a	FOCK	2022-06-19 20:12:12.001683-07
1f05aad5-c084-4e3b-a961-6cfaa5458644	279e3230-8013-463b-ac90-f36075f7f92a	ACK	2022-06-19 20:12:13.009852-07
1f05aad5-c084-4e3b-a961-6cfaa5458644	279e3230-8013-463b-ac90-f36075f7f92a	FOCK	2022-06-19 20:12:13.957651-07
1f05aad5-c084-4e3b-a961-6cfaa5458644	279e3230-8013-463b-ac90-f36075f7f92a	ACK	2022-06-19 20:12:14.625019-07
1f05aad5-c084-4e3b-a961-6cfaa5458644	d8dae595-7115-4cca-a925-9c890f5e048c	ACK	2022-06-19 20:12:47.430376-07
1f05aad5-c084-4e3b-a961-6cfaa5458644	d8dae595-7115-4cca-a925-9c890f5e048c	FOCK	2022-06-19 20:12:48.66-07
1f05aad5-c084-4e3b-a961-6cfaa5458644	d8dae595-7115-4cca-a925-9c890f5e048c	ACK	2022-06-19 20:12:49.426861-07
1f05aad5-c084-4e3b-a961-6cfaa5458644	dc309216-eeb5-488f-b907-fbfb166bf435	ACK	2022-06-19 20:13:05.336683-07
1f05aad5-c084-4e3b-a961-6cfaa5458644	dc309216-eeb5-488f-b907-fbfb166bf435	FOCK	2022-06-19 20:13:06.977025-07
1f05aad5-c084-4e3b-a961-6cfaa5458644	dc309216-eeb5-488f-b907-fbfb166bf435	ACK	2022-06-19 20:13:07.556241-07
1f05aad5-c084-4e3b-a961-6cfaa5458644	33f8914e-bcfb-4e1f-96ae-15fef7ed2e19	FOCK	2022-06-21 21:48:32.138733-07
1f05aad5-c084-4e3b-a961-6cfaa5458644	33f8914e-bcfb-4e1f-96ae-15fef7ed2e19	ACK	2022-06-21 21:48:33.1701-07
1f05aad5-c084-4e3b-a961-6cfaa5458644	33f8914e-bcfb-4e1f-96ae-15fef7ed2e19	FOCK	2022-06-22 02:03:38.332226-07
1f05aad5-c084-4e3b-a961-6cfaa5458644	33f8914e-bcfb-4e1f-96ae-15fef7ed2e19	ACK	2022-06-22 02:03:39.182293-07
1f05aad5-c084-4e3b-a961-6cfaa5458644	c45279b8-bd67-4f8a-ac0c-6dfe7b9c59c3	FOCK	2022-06-22 02:03:40.348685-07
1f05aad5-c084-4e3b-a961-6cfaa5458644	c45279b8-bd67-4f8a-ac0c-6dfe7b9c59c3	ACK	2022-06-22 02:03:40.942613-07
1f05aad5-c084-4e3b-a961-6cfaa5458644	09960791-9580-48e1-bd0a-7d595935a204	ACK	2022-06-22 02:03:43.062572-07
1f05aad5-c084-4e3b-a961-6cfaa5458644	09960791-9580-48e1-bd0a-7d595935a204	FOCK	2022-06-22 02:03:43.947131-07
1f05aad5-c084-4e3b-a961-6cfaa5458644	2b3a1f26-5703-408e-acfc-50460494d2af	ACK	2022-06-22 07:11:03.954255-07
1f05aad5-c084-4e3b-a961-6cfaa5458644	e7c96eb1-9d38-47e9-8ed6-534124410e2c	ACK	2022-06-22 07:21:02.716187-07
1f05aad5-c084-4e3b-a961-6cfaa5458644	e7c96eb1-9d38-47e9-8ed6-534124410e2c	FOCK	2022-06-22 07:21:13.654808-07
1f05aad5-c084-4e3b-a961-6cfaa5458644	e7c96eb1-9d38-47e9-8ed6-534124410e2c	ACK	2022-06-22 07:21:19.380938-07
1f05aad5-c084-4e3b-a961-6cfaa5458644	6bfed65a-437d-403f-ba61-4a642d243c43	ACK	2022-06-22 07:21:54.554821-07
1f05aad5-c084-4e3b-a961-6cfaa5458644	279e3230-8013-463b-ac90-f36075f7f92a	FOCK	2022-06-28 03:36:16.169842-07
1f05aad5-c084-4e3b-a961-6cfaa5458644	279e3230-8013-463b-ac90-f36075f7f92a	ACK	2022-06-28 03:36:17.355523-07
1f05aad5-c084-4e3b-a961-6cfaa5458644	279e3230-8013-463b-ac90-f36075f7f92a	ACK	2022-06-29 02:16:40.633857-07
1f05aad5-c084-4e3b-a961-6cfaa5458644	279e3230-8013-463b-ac90-f36075f7f92a	FOCK	2022-06-29 02:16:41.373458-07
1f05aad5-c084-4e3b-a961-6cfaa5458644	279e3230-8013-463b-ac90-f36075f7f92a	ACK	2022-06-29 02:16:42.163935-07
1f05aad5-c084-4e3b-a961-6cfaa5458644	279e3230-8013-463b-ac90-f36075f7f92a	FOCK	2022-06-29 03:34:09.453797-07
1f05aad5-c084-4e3b-a961-6cfaa5458644	279e3230-8013-463b-ac90-f36075f7f92a	ACK	2022-06-29 08:35:38.938067-07
1f05aad5-c084-4e3b-a961-6cfaa5458644	0af48cbf-3048-4f59-9493-4c3bf07e7a7b	ACK	2022-07-02 07:18:57.157226-07
1f05aad5-c084-4e3b-a961-6cfaa5458644	0af48cbf-3048-4f59-9493-4c3bf07e7a7b	FOCK	2022-07-02 07:18:58.989026-07
1f05aad5-c084-4e3b-a961-6cfaa5458644	0af48cbf-3048-4f59-9493-4c3bf07e7a7b	ACK	2022-07-02 07:18:59.606375-07
8fb8523a-0cc7-4c3f-8617-760831375158	d7235dce-7834-40f1-844e-4c5c576f18c1	ACK	2022-07-02 11:54:20.534593-07
6621423e-af27-4b68-8c09-1fefe8c05755	d7235dce-7834-40f1-844e-4c5c576f18c1	ACK	2022-07-02 11:54:30.227962-07
8fb8523a-0cc7-4c3f-8617-760831375158	d7235dce-7834-40f1-844e-4c5c576f18c1	FOCK	2022-07-02 11:54:55.619038-07
8fb8523a-0cc7-4c3f-8617-760831375158	d7235dce-7834-40f1-844e-4c5c576f18c1	ACK	2022-07-02 11:54:57.118075-07
8fb8523a-0cc7-4c3f-8617-760831375158	79bc7c47-6782-4a13-8d4d-81e94b08b125	ACK	2022-07-02 12:17:09.320209-07
6621423e-af27-4b68-8c09-1fefe8c05755	052796f9-c783-467b-b1f4-2f129b71d969	ACK	2022-07-02 12:17:52.510726-07
8fb8523a-0cc7-4c3f-8617-760831375158	052796f9-c783-467b-b1f4-2f129b71d969	FOCK	2022-07-02 12:17:59.450537-07
8fb8523a-0cc7-4c3f-8617-760831375158	a2f4b32d-d46d-40ca-8ab4-9b7e78454faa	ACK	2022-07-02 12:24:51.860094-07
8fb8523a-0cc7-4c3f-8617-760831375158	a2f4b32d-d46d-40ca-8ab4-9b7e78454faa	ACK	2022-07-02 12:24:52.425672-07
8fb8523a-0cc7-4c3f-8617-760831375158	a2f4b32d-d46d-40ca-8ab4-9b7e78454faa	ACK	2022-07-02 12:24:53.011609-07
6621423e-af27-4b68-8c09-1fefe8c05755	79bc7c47-6782-4a13-8d4d-81e94b08b125	FOCK	2022-07-02 13:49:31.011803-07
6621423e-af27-4b68-8c09-1fefe8c05755	79bc7c47-6782-4a13-8d4d-81e94b08b125	FOCK	2022-07-02 13:49:32.799072-07
6621423e-af27-4b68-8c09-1fefe8c05755	79bc7c47-6782-4a13-8d4d-81e94b08b125	FOCK	2022-07-02 13:49:33.536109-07
6621423e-af27-4b68-8c09-1fefe8c05755	79bc7c47-6782-4a13-8d4d-81e94b08b125	ACK	2022-07-02 14:24:05.46906-07
6621423e-af27-4b68-8c09-1fefe8c05755	496b511d-ade4-4d13-b126-efa8be29e86c	FOCK	2022-07-02 14:29:48.434186-07
1f05aad5-c084-4e3b-a961-6cfaa5458644	6bfed65a-437d-403f-ba61-4a642d243c43	ACK	2022-07-25 05:56:55.145979-07
1f05aad5-c084-4e3b-a961-6cfaa5458644	6bfed65a-437d-403f-ba61-4a642d243c43	ACK	2022-07-25 05:56:56.584094-07
1f05aad5-c084-4e3b-a961-6cfaa5458644	6bfed65a-437d-403f-ba61-4a642d243c43	ACK	2022-07-25 05:56:58.288169-07
1f05aad5-c084-4e3b-a961-6cfaa5458644	accb78a2-96f9-48d4-b91c-98885ce485f8	FOCK	2022-07-27 23:09:55.186823-07
1f05aad5-c084-4e3b-a961-6cfaa5458644	accb78a2-96f9-48d4-b91c-98885ce485f8	ACK	2022-07-27 23:09:58.336447-07
1f05aad5-c084-4e3b-a961-6cfaa5458644	accb78a2-96f9-48d4-b91c-98885ce485f8	FOCK	2022-07-27 23:09:59.060508-07
1f05aad5-c084-4e3b-a961-6cfaa5458644	6bfed65a-437d-403f-ba61-4a642d243c43	ACK	2022-08-03 03:39:28.59429-07
1f05aad5-c084-4e3b-a961-6cfaa5458644	6bfed65a-437d-403f-ba61-4a642d243c43	FOCK	2022-08-03 03:39:31.432588-07
1f05aad5-c084-4e3b-a961-6cfaa5458644	6bfed65a-437d-403f-ba61-4a642d243c43	ACK	2022-08-03 03:39:32.916141-07
1f05aad5-c084-4e3b-a961-6cfaa5458644	6c65d2cf-6070-483e-8e52-161294fed691	ACK	2022-08-12 10:02:49.97551-07
1f05aad5-c084-4e3b-a961-6cfaa5458644	accb78a2-96f9-48d4-b91c-98885ce485f8	ACK	2022-08-13 01:13:11.106735-07
1f05aad5-c084-4e3b-a961-6cfaa5458644	accb78a2-96f9-48d4-b91c-98885ce485f8	FOCK	2022-08-13 01:13:14.804533-07
1f05aad5-c084-4e3b-a961-6cfaa5458644	6bfed65a-437d-403f-ba61-4a642d243c43	FOCK	2022-08-13 11:31:42.97084-07
1f05aad5-c084-4e3b-a961-6cfaa5458644	c45279b8-bd67-4f8a-ac0c-6dfe7b9c59c3	ACK	2022-08-17 21:32:00.421747-07
1f05aad5-c084-4e3b-a961-6cfaa5458644	c45279b8-bd67-4f8a-ac0c-6dfe7b9c59c3	FOCK	2022-08-17 21:32:01.624061-07
1f05aad5-c084-4e3b-a961-6cfaa5458644	c45279b8-bd67-4f8a-ac0c-6dfe7b9c59c3	ACK	2022-08-17 21:32:02.372846-07
1f05aad5-c084-4e3b-a961-6cfaa5458644	09960791-9580-48e1-bd0a-7d595935a204	ACK	2022-08-17 21:32:09.544819-07
1f05aad5-c084-4e3b-a961-6cfaa5458644	09960791-9580-48e1-bd0a-7d595935a204	FOCK	2022-08-17 21:32:11.321233-07
1f05aad5-c084-4e3b-a961-6cfaa5458644	33f8914e-bcfb-4e1f-96ae-15fef7ed2e19	FOCK	2022-08-23 01:20:06.089674-07
1f05aad5-c084-4e3b-a961-6cfaa5458644	33f8914e-bcfb-4e1f-96ae-15fef7ed2e19	ACK	2022-08-23 01:20:06.980159-07
1f05aad5-c084-4e3b-a961-6cfaa5458644	6c65d2cf-6070-483e-8e52-161294fed691	FOCK	2022-08-25 00:53:21.426901-07
1f05aad5-c084-4e3b-a961-6cfaa5458644	6c65d2cf-6070-483e-8e52-161294fed691	ACK	2022-08-25 00:53:24.493949-07
\.


--
-- Data for Name: account_channel_access; Type: TABLE DATA; Schema: public; Owner: ackfock
--

COPY public.account_channel_access (account_id, channel_id, created_at) FROM stdin;
93b0318e-1ab5-4e79-b808-fce8b6b4e447	4a2b7250-5534-443f-816b-82dea94e22e6	2022-05-25 09:11:56.495144-07
1f05aad5-c084-4e3b-a961-6cfaa5458644	763694db-b134-494c-8394-76d6ac6e2627	2022-05-25 09:11:56.495144-07
93b0318e-1ab5-4e79-b808-fce8b6b4e447	57777fe5-4e03-4e3c-a532-dee7a4fd269c	2022-05-25 09:11:56.495144-07
ae91800b-cd9e-43c3-a674-86832872a794	3ab8c7a9-d117-45b1-9656-c1e807baa4e0	2022-05-25 09:11:56.495144-07
1f05aad5-c084-4e3b-a961-6cfaa5458644	4a2b7250-5534-443f-816b-82dea94e22e6	2022-05-25 09:11:56.495144-07
6621423e-af27-4b68-8c09-1fefe8c05755	763694db-b134-494c-8394-76d6ac6e2627	2022-06-21 03:46:45.453378-07
1f05aad5-c084-4e3b-a961-6cfaa5458644	3ead4fd4-4283-4757-9044-b7cf85fe9249	2022-06-22 07:10:36.523972-07
1f05aad5-c084-4e3b-a961-6cfaa5458644	f25d58ab-79b0-484f-bc22-264042ec98eb	2022-06-22 07:29:52.405694-07
1f05aad5-c084-4e3b-a961-6cfaa5458644	013aa90e-f73f-412b-aeeb-ffe03e7b8fbc	2022-06-22 07:30:06.277942-07
6621423e-af27-4b68-8c09-1fefe8c05755	f25d58ab-79b0-484f-bc22-264042ec98eb	2022-07-02 05:22:58.366765-07
8fb8523a-0cc7-4c3f-8617-760831375158	35aad1f5-6a1f-419f-b319-602e7307b6a9	2022-07-02 11:29:38.851197-07
6621423e-af27-4b68-8c09-1fefe8c05755	35aad1f5-6a1f-419f-b319-602e7307b6a9	2022-07-02 11:45:24.171239-07
1f05aad5-c084-4e3b-a961-6cfaa5458644	d8e38ea6-ecfb-4825-808c-3a107f93b41b	2022-08-17 21:32:36.013124-07
8fb8523a-0cc7-4c3f-8617-760831375158	f25d58ab-79b0-484f-bc22-264042ec98eb	2022-09-12 08:21:01.376828-07
\.


--
-- Data for Name: activation_code; Type: TABLE DATA; Schema: public; Owner: ackfock
--

COPY public.activation_code (code, email, created_at, valid_until) FROM stdin;
D33AF90B66EC4423AA7049FB1A76860E	scchen@shaka.today	2022-04-18 01:26:33.24052-07	2022-04-18 17:26:33.231332-07
60D2D67A46B74DB7865F56B15E46A5C6	scchen@shaka.today	2022-04-18 01:31:32.877263-07	2022-04-18 17:31:32.876735-07
515E573CA5034B3ABD7544BA89085D40	scchen@shaka.today	2022-04-18 01:37:23.690847-07	2022-04-18 17:37:23.690679-07
75247a1c9de14c7f9394386e1972c9b8	corker.tenons.07@icloud.com	2022-04-25 03:13:10.755491-07	2022-04-25 19:13:10.755351-07
f87ddfc5242248f580ef439947759421	casts-trivial.0o@icloud.com	2022-06-09 08:12:10.453248-07	2022-06-10 00:12:10.448203-07
a6078eea4f5c439f9a55ac45b8e1f8fc	casts-trivial.0o@icloud.com	2022-06-09 08:21:25.851079-07	2022-06-10 00:21:25.850719-07
a10580eb20f94f288fcd9f57ed4b1dd9	casts-trivial.0o@icloud.com	2022-06-09 09:29:06.78436-07	2022-06-10 01:29:06.784204-07
effbfb1dd5274404bc98c0705b24bdc4	casts-trivial.0o@icloud.com	2022-06-09 09:42:10.522339-07	2022-06-10 01:42:10.520597-07
fb4ac367307643378d101fc8cd8eebe8	casts-trivial.0o@icloud.com	2022-06-09 09:45:56.8271-07	2022-06-10 01:45:56.825014-07
73182c6eb416436a89df4c78e58217bd	casts-trivial.0o@icloud.com	2022-06-09 09:50:30.987769-07	2022-06-10 01:50:30.987586-07
16dc5f38f34c4865889848d086d66be4	casts-trivial.0o@icloud.com	2022-06-09 10:49:25.621964-07	2022-06-10 02:49:25.621542-07
d86fa7d01ffa489abb8ae5d89c55eb06	casts-trivial.0o@icloud.com	2022-06-09 10:54:28.341166-07	2022-06-10 02:54:28.341022-07
26c8ebd191764960af60146eb70dd604	casts-trivial.0o@icloud.com	2022-06-09 10:57:16.498968-07	2022-06-10 02:57:16.498815-07
59103b82a2cf4a32a4be429f87efbf35	casts-trivial.0o@icloud.com	2022-06-09 11:22:22.707518-07	2022-06-10 03:22:22.707373-07
db519edf48bf4d36aedfdc59f33d3eb6	casts-trivial.0o@icloud.com	2022-06-09 20:32:54.276545-07	2022-06-10 12:32:54.271791-07
ff8f31fcd93c44349b4cec675d8d5f8a	casts-trivial.0o@icloud.com	2022-06-09 23:35:34.699777-07	2022-06-10 15:35:34.699275-07
8d53dac1d4db4124a0e335579dca6606	casts-trivial.0o@icloud.com	2022-06-09 23:47:17.885068-07	2022-06-10 15:47:17.884808-07
a995287ba5744ce6b99ca9a39f7c519c	casts-trivial.0o@icloud.com	2022-06-09 23:59:09.749652-07	2022-06-10 15:59:09.74951-07
1e8739cc76f0409b8b6e89e958778e39	casts-trivial.0o@icloud.com	2022-06-10 01:49:11.440645-07	2022-06-10 02:49:11.438679-07
707a3b8ad0ff4e2ba812f2491b73a89e	danielviolin0723@gmail.com	2022-07-02 10:39:14.328732-07	2022-07-02 11:39:14.32836-07
9dd28e80136b408fab8203f1194fabea	danielviolin0723@gmail.com	2022-07-02 11:04:54.725312-07	2022-07-02 12:04:54.725169-07
4ce98ea5d19f47cc8ca5315c2000557c	danielviolin0723@gmail.com	2022-07-02 11:06:14.035294-07	2022-07-02 12:06:14.035151-07
144cd68ae8f846cda4769bac1a56f971	eee@eee.org	2022-07-27 23:00:53.026239-07	2022-07-28 00:00:53.026044-07
89adfbd2eeb04064bac9448e0f1531c0	qq@qq.qq	2022-08-12 19:42:13.422772-07	2022-08-12 20:42:13.42249-07
34adc503d095454e9b57bdc0f1a35549	edge-frosty.0r@icloud.com	2022-08-13 05:01:30.944882-07	2022-08-13 06:01:30.944516-07
e7647ebc6c114593b504dc79f1bab689	edge-frosty.0r@icloud.com	2022-08-13 05:11:10.43685-07	2022-08-13 06:11:10.436717-07
23bad48d37614892bf80c410f79810ef	edge-frosty.0r@icloud.com	2022-08-13 08:26:59.747495-07	2022-08-13 09:26:59.747352-07
6110e522d0944602986eb5aa0b941d2f	edge-frosty.0r@icloud.com	2022-08-13 08:29:25.642804-07	2022-08-13 09:29:25.642612-07
86ef49caf62a46e89c36bb1a6a4e022a	edge-frosty.0r@icloud.com	2022-08-13 08:34:59.358278-07	2022-08-13 09:34:59.358148-07
eb0825d0c7534a648f9f68e6d7e49cba	edge-frosty.0r@icloud.com	2022-08-13 08:38:11.740252-07	2022-08-13 09:38:11.740137-07
11d6c8d841d2484b8ce069027c847f02	edge-frosty.0r@icloud.com	2022-08-13 08:40:16.807882-07	2022-08-13 09:40:16.807776-07
14728efd55b04103a81a7a7306f1e1f3	edge-frosty.0r@icloud.com	2022-08-13 08:45:20.808647-07	2022-08-13 09:45:20.808194-07
5a940fcd68654243be73ff0434aca10c	edge-frosty.0r@icloud.com	2022-08-13 10:13:04.400927-07	2022-08-13 11:13:04.400765-07
d8b72bb1f77f44bb8a14db485a466454	edge-frosty.0r@icloud.com	2022-08-17 02:14:44.38924-07	2022-08-17 03:14:44.389093-07
050ca42b4b6242ea8c0ae293da7d8faa	danielviolin0723@gmail.com	2022-09-11 11:36:55.220884-07	2022-09-11 12:36:55.218894-07
feea53fbeb464d4194577838893be63d	danielviolin0723@gmail.com	2022-09-12 08:42:34.73902-07	2022-09-12 09:42:34.738372-07
49bf02dbe11444d48c09b89e99823693	danielviolin0723@gmail.com	2022-09-12 09:43:43.926628-07	2022-09-12 10:43:43.926196-07
e8f1a6c7a48c4db7b29dd39c547a5ee7	danielviolin0723@gmail.com	2022-09-12 19:52:00.542031-07	2022-09-12 20:52:00.541685-07
24934aa9d037425a9ecae77eaceb15fb	danielviolin0723@gmail.com	2022-09-12 21:35:21.834408-07	2022-09-12 22:35:21.834067-07
f296eec0ba05454790932d73342374e7	danielviolin0723@gmail.com	2022-09-12 21:54:55.830288-07	2022-09-12 22:54:55.829554-07
\.


--
-- Data for Name: channel; Type: TABLE DATA; Schema: public; Owner: ackfock
--

COPY public.channel (id, name, created_at) FROM stdin;
57777fe5-4e03-4e3c-a532-dee7a4fd269c	unnamed	2022-05-25 09:11:56.495144-07
3ab8c7a9-d117-45b1-9656-c1e807baa4e0	unnamed	2022-05-25 09:11:56.495144-07
4a2b7250-5534-443f-816b-82dea94e22e6	ccc and aaa	2022-05-25 09:11:56.495144-07
013aa90e-f73f-412b-aeeb-ffe03e7b8fbc	B group	2022-06-22 07:30:06.275065-07
35aad1f5-6a1f-419f-b319-602e7307b6a9	Shaka & Casts	2022-07-02 11:29:38.849565-07
f25d58ab-79b0-484f-bc22-264042ec98eb	new group channel CA	2022-06-22 07:29:52.402587-07
3ead4fd4-4283-4757-9044-b7cf85fe9249	HELLO!!!!!! man man	2022-06-22 07:10:36.518589-07
d8e38ea6-ecfb-4825-808c-3a107f93b41b	cc	2022-08-17 21:32:36.008999-07
763694db-b134-494c-8394-76d6ac6e2627	casts and aaa	2022-05-25 09:11:56.495144-07
\.


--
-- Data for Name: content; Type: TABLE DATA; Schema: public; Owner: ackfock
--

COPY public.content (key, value, parent, title, username, createdate) FROM stdin;
main	Welcome to Ackfock	\N	Welcome to Ackfock	\N	2022-06-08 01:41:07.635247-07
about	All about this site.	\N	About	\N	2022-06-08 01:41:07.635247-07
2022-06-08 05:08:28.195398-07	one comment	main	\N	aaa	2022-06-08 05:08:28.195398-07
2022-06-08 05:08:36.547117-07	two comments	main	\N	aaa	2022-06-08 05:08:36.547117-07
2022-06-08 05:08:49.111363-07	three comments	main	\N	aaa	2022-06-08 05:08:49.111363-07
2022-06-08 05:08:58.978118-07	four comments	main	\N	aaa	2022-06-08 05:08:58.978118-07
\.


--
-- Data for Name: get_column_real_type; Type: TABLE DATA; Schema: public; Owner: ackfock
--

COPY public.get_column_real_type (test) FROM stdin;
\.


--
-- Data for Name: invitation_code; Type: TABLE DATA; Schema: public; Owner: ackfock
--

COPY public.invitation_code (code, source_account_id, used_by_account_id, channel_id, created_at, valid_until) FROM stdin;
b71c079fe2994b1786c4794972ec8944	1f05aad5-c084-4e3b-a961-6cfaa5458644	\N	3ead4fd4-4283-4757-9044-b7cf85fe9249	2022-07-02 03:01:47.609966-07	2022-07-02 05:20:43.869843-07
e61ca76917f54cb59bd42f31dc69c91a	1f05aad5-c084-4e3b-a961-6cfaa5458644	\N	3ead4fd4-4283-4757-9044-b7cf85fe9249	2022-07-02 03:02:01.74444-07	2022-07-02 05:20:43.869843-07
84cd658d137e44e8a319569f6164b568	1f05aad5-c084-4e3b-a961-6cfaa5458644	\N	3ead4fd4-4283-4757-9044-b7cf85fe9249	2022-07-02 03:04:46.488604-07	2022-07-02 05:20:43.869843-07
5e6b857379fa4c919ed8b8eb0772488c	1f05aad5-c084-4e3b-a961-6cfaa5458644	\N	3ead4fd4-4283-4757-9044-b7cf85fe9249	2022-07-02 03:05:19.451772-07	2022-07-02 05:20:43.869843-07
95bdb33edfe74954af52bfcaa139b010	1f05aad5-c084-4e3b-a961-6cfaa5458644	\N	3ead4fd4-4283-4757-9044-b7cf85fe9249	2022-07-02 03:05:23.429526-07	2022-07-02 05:20:43.869843-07
2c562776409743d698a608880cd52940	1f05aad5-c084-4e3b-a961-6cfaa5458644	\N	3ead4fd4-4283-4757-9044-b7cf85fe9249	2022-07-02 03:11:33.148193-07	2022-07-02 05:20:43.869843-07
9b341bef9b094b88bd79d56831293b3b	1f05aad5-c084-4e3b-a961-6cfaa5458644	\N	3ead4fd4-4283-4757-9044-b7cf85fe9249	2022-07-02 03:11:35.447188-07	2022-07-02 05:20:43.869843-07
c84715f59bc44e6ab38e381b8068810c	1f05aad5-c084-4e3b-a961-6cfaa5458644	\N	3ead4fd4-4283-4757-9044-b7cf85fe9249	2022-07-02 03:11:40.027574-07	2022-07-02 05:20:43.869843-07
6a616a2ba5834882a24c1e823bbc7518	1f05aad5-c084-4e3b-a961-6cfaa5458644	\N	3ead4fd4-4283-4757-9044-b7cf85fe9249	2022-07-02 03:11:42.724373-07	2022-07-02 05:20:43.869843-07
9fd6784f60a34d8ab90d83c475dab301	1f05aad5-c084-4e3b-a961-6cfaa5458644	\N	3ead4fd4-4283-4757-9044-b7cf85fe9249	2022-07-02 03:25:56.488577-07	2022-07-02 05:20:43.869843-07
e61ca38076424636897de8addb4ed9ec	1f05aad5-c084-4e3b-a961-6cfaa5458644	\N	3ead4fd4-4283-4757-9044-b7cf85fe9249	2022-07-02 03:26:01.000629-07	2022-07-02 05:20:43.869843-07
ff69178aae99459785946f8ae9a413f8	1f05aad5-c084-4e3b-a961-6cfaa5458644	\N	3ead4fd4-4283-4757-9044-b7cf85fe9249	2022-07-02 03:26:05.617144-07	2022-07-02 05:20:43.869843-07
bb3e8487243a426eb547328837404a3b	1f05aad5-c084-4e3b-a961-6cfaa5458644	\N	3ead4fd4-4283-4757-9044-b7cf85fe9249	2022-07-02 03:26:18.38694-07	2022-07-02 05:20:43.869843-07
f0653cffd0964180a6f635c251259357	1f05aad5-c084-4e3b-a961-6cfaa5458644	\N	3ead4fd4-4283-4757-9044-b7cf85fe9249	2022-07-02 03:26:19.536874-07	2022-07-02 05:20:43.869843-07
000f5ada2fac45ec827a532979a2fac6	1f05aad5-c084-4e3b-a961-6cfaa5458644	\N	3ead4fd4-4283-4757-9044-b7cf85fe9249	2022-07-02 03:26:20.837153-07	2022-07-02 05:20:43.869843-07
7d15f059f7e54a13bee54fbcc050282d	1f05aad5-c084-4e3b-a961-6cfaa5458644	\N	3ead4fd4-4283-4757-9044-b7cf85fe9249	2022-07-02 05:10:54.717492-07	2022-07-02 05:20:43.869843-07
3e62b946fbad4a0294a67c61b5d34c70	1f05aad5-c084-4e3b-a961-6cfaa5458644	1f05aad5-c084-4e3b-a961-6cfaa5458644	3ead4fd4-4283-4757-9044-b7cf85fe9249	2022-07-02 05:12:39.563606-07	2022-07-02 05:20:43.869843-07
95729c0bcc544eb68bca11f5eb6e49c5	1f05aad5-c084-4e3b-a961-6cfaa5458644	1f05aad5-c084-4e3b-a961-6cfaa5458644	3ead4fd4-4283-4757-9044-b7cf85fe9249	2022-07-02 05:18:14.983646-07	2022-07-02 05:20:43.869843-07
9938c37f6d9a465fab3d723beb7c289b	1f05aad5-c084-4e3b-a961-6cfaa5458644	6621423e-af27-4b68-8c09-1fefe8c05755	f25d58ab-79b0-484f-bc22-264042ec98eb	2022-07-02 05:22:38.921979-07	2022-07-05 05:22:38.921782-07
b66820491e0940a5b2b5cafcb93de65a	1f05aad5-c084-4e3b-a961-6cfaa5458644	\N	f25d58ab-79b0-484f-bc22-264042ec98eb	2022-07-02 07:18:10.467848-07	2022-07-05 07:18:10.466617-07
208bb6a13db84403acf102bba46b0cbe	1f05aad5-c084-4e3b-a961-6cfaa5458644	\N	f25d58ab-79b0-484f-bc22-264042ec98eb	2022-07-02 07:18:13.2315-07	2022-07-05 07:18:13.231333-07
fb91af07cf594fcebe77fe989e681558	1f05aad5-c084-4e3b-a961-6cfaa5458644	1f05aad5-c084-4e3b-a961-6cfaa5458644	f25d58ab-79b0-484f-bc22-264042ec98eb	2022-07-02 07:22:34.670552-07	2022-07-05 07:22:34.670378-07
f2e7e06776a24ccc888543d40f074a40	8fb8523a-0cc7-4c3f-8617-760831375158	1f05aad5-c084-4e3b-a961-6cfaa5458644	35aad1f5-6a1f-419f-b319-602e7307b6a9	2022-07-02 11:31:16.363121-07	2022-07-05 11:31:16.362917-07
39913e973980465f990843371dc68bdd	8fb8523a-0cc7-4c3f-8617-760831375158	6621423e-af27-4b68-8c09-1fefe8c05755	35aad1f5-6a1f-419f-b319-602e7307b6a9	2022-07-02 11:45:00.567971-07	2022-07-05 11:45:00.567653-07
dbacb50374594026b6ec72353f5138eb	1f05aad5-c084-4e3b-a961-6cfaa5458644	\N	763694db-b134-494c-8394-76d6ac6e2627	2022-07-27 23:18:00.310606-07	2022-07-30 23:18:00.30929-07
bc2939c1c7264e83a9f9d82d664a3aa5	1f05aad5-c084-4e3b-a961-6cfaa5458644	\N	763694db-b134-494c-8394-76d6ac6e2627	2022-07-27 23:18:04.550605-07	2022-07-30 23:18:04.550431-07
91d9049d288b4f25992656ba1d6a956e	1f05aad5-c084-4e3b-a961-6cfaa5458644	\N	3ead4fd4-4283-4757-9044-b7cf85fe9249	2022-07-29 02:58:41.584513-07	2022-08-01 02:58:41.583262-07
c33db255c640449e9ac0ac6d3f9d08cd	1f05aad5-c084-4e3b-a961-6cfaa5458644	\N	3ead4fd4-4283-4757-9044-b7cf85fe9249	2022-07-29 07:14:46.77304-07	2022-08-01 07:14:46.772732-07
8f9a0435319543caa776132736980444	1f05aad5-c084-4e3b-a961-6cfaa5458644	\N	f25d58ab-79b0-484f-bc22-264042ec98eb	2022-08-17 01:52:15.786088-07	2022-08-20 01:52:15.784375-07
\.


--
-- Data for Name: memo; Type: TABLE DATA; Schema: public; Owner: ackfock
--

COPY public.memo (id, content, created_at, channel_id, creator_id, parent_memo_id, as_an_update) FROM stdin;
706c1b9f-1a19-46f2-8044-db52197d8e33	aaa test memo 3	2022-06-27 20:48:51.093849-07	\N	1f05aad5-c084-4e3b-a961-6cfaa5458644	33f8914e-bcfb-4e1f-96ae-15fef7ed2e19	t
d40d9e7d-7cff-4245-9623-503a6453ab5a	another  4?	2022-06-27 20:49:20.850521-07	\N	1f05aad5-c084-4e3b-a961-6cfaa5458644	706c1b9f-1a19-46f2-8044-db52197d8e33	f
0af48cbf-3048-4f59-9493-4c3bf07e7a7b	can I say?	2022-06-27 20:49:59.368992-07	4a2b7250-5534-443f-816b-82dea94e22e6	1f05aad5-c084-4e3b-a961-6cfaa5458644	279e3230-8013-463b-ac90-f36075f7f92a	f
8f3677fd-e28c-430c-b0d1-d238017e8c61	I don't really like it because XXX	2022-06-28 22:48:59.256653-07	\N	1f05aad5-c084-4e3b-a961-6cfaa5458644	c45279b8-bd67-4f8a-ac0c-6dfe7b9c59c3	f
84869d03-83ad-426c-9023-5b34e6c1d09a	1 2 3 4 55	2022-06-29 00:19:13.01416-07	\N	1f05aad5-c084-4e3b-a961-6cfaa5458644	33f8914e-bcfb-4e1f-96ae-15fef7ed2e19	f
6f13aca8-8162-4224-90f8-bf8050c981c7	wtf	2022-06-29 00:34:11.664472-07	\N	1f05aad5-c084-4e3b-a961-6cfaa5458644	abc46ebf-d76d-476b-8a05-a22d740c2066	f
5d9225cd-6938-4530-a05d-349a60729071	?????	2022-06-29 00:34:19.779846-07	\N	1f05aad5-c084-4e3b-a961-6cfaa5458644	\N	f
a323c702-70b4-44fb-b7f6-0d63d062a44a	st	2022-06-29 00:34:28.136587-07	763694db-b134-494c-8394-76d6ac6e2627	1f05aad5-c084-4e3b-a961-6cfaa5458644	\N	f
2cc89468-faf2-40af-8bd5-4fd50890500e	me too	2022-06-29 00:34:47.585678-07	763694db-b134-494c-8394-76d6ac6e2627	1f05aad5-c084-4e3b-a961-6cfaa5458644	d8dae595-7115-4cca-a925-9c890f5e048c	f
accb78a2-96f9-48d4-b91c-98885ce485f8	5555555	2022-06-29 03:04:53.25068-07	\N	1f05aad5-c084-4e3b-a961-6cfaa5458644	d40d9e7d-7cff-4245-9623-503a6453ab5a	f
3d527727-8249-4201-894d-edf864a58cb2	not blank ok?	2022-06-29 03:06:17.00469-07	763694db-b134-494c-8394-76d6ac6e2627	1f05aad5-c084-4e3b-a961-6cfaa5458644	2cc89468-faf2-40af-8bd5-4fd50890500e	f
3af60daa-a5f3-41c6-b9db-92c801d4ab54	st what?	2022-06-29 03:09:11.986206-07	763694db-b134-494c-8394-76d6ac6e2627	1f05aad5-c084-4e3b-a961-6cfaa5458644	a323c702-70b4-44fb-b7f6-0d63d062a44a	f
dcf67e48-72d3-4003-8ac0-7bf487014307	no you can't	2022-07-02 07:18:50.993577-07	4a2b7250-5534-443f-816b-82dea94e22e6	1f05aad5-c084-4e3b-a961-6cfaa5458644	0af48cbf-3048-4f59-9493-4c3bf07e7a7b	f
d7235dce-7834-40f1-844e-4c5c576f18c1	Shaka takes out the trash on Monday, Wednesday, and Friday.\nCasts takes out the trash on Tuesday, Thursday, and Saturday.	2022-07-02 11:54:06.496359-07	35aad1f5-6a1f-419f-b319-602e7307b6a9	8fb8523a-0cc7-4c3f-8617-760831375158	\N	f
79bc7c47-6782-4a13-8d4d-81e94b08b125	Shaka is willing to sell the domain name for $200. 	2022-07-02 12:17:06.871275-07	35aad1f5-6a1f-419f-b319-602e7307b6a9	8fb8523a-0cc7-4c3f-8617-760831375158	\N	f
052796f9-c783-467b-b1f4-2f129b71d969	Let's eat Pizza today!	2022-07-02 12:17:48.382332-07	35aad1f5-6a1f-419f-b319-602e7307b6a9	6621423e-af27-4b68-8c09-1fefe8c05755	\N	f
496b511d-ade4-4d13-b126-efa8be29e86c	You eat trash.	2022-07-02 12:20:42.948398-07	35aad1f5-6a1f-419f-b319-602e7307b6a9	8fb8523a-0cc7-4c3f-8617-760831375158	052796f9-c783-467b-b1f4-2f129b71d969	f
a2f4b32d-d46d-40ca-8ab4-9b7e78454faa	I should launch Ackfock v1.0 alpha version on July 3rd 2022.	2022-07-02 12:24:49.948941-07	\N	8fb8523a-0cc7-4c3f-8617-760831375158	\N	f
3b1bd4da-045e-4787-af6f-9bf95354befa	you	2022-07-27 23:03:21.921771-07	\N	1f05aad5-c084-4e3b-a961-6cfaa5458644	\N	f
6c65d2cf-6070-483e-8e52-161294fed691	ca\n	2022-08-12 10:02:46.720146-07	f25d58ab-79b0-484f-bc22-264042ec98eb	1f05aad5-c084-4e3b-a961-6cfaa5458644	\N	f
f4952816-9e04-48a2-aac4-3b20619f7425	try again	2022-08-18 02:00:16.682356-07	\N	1f05aad5-c084-4e3b-a961-6cfaa5458644	\N	f
ec374c2f-dfc2-4d62-91c9-3bfc5b52b761	cc	2022-08-23 01:20:23.92813-07	d8e38ea6-ecfb-4825-808c-3a107f93b41b	1f05aad5-c084-4e3b-a961-6cfaa5458644	\N	f
8d781281-fcb4-424b-96e2-797a7e6a1616	dd	2022-08-23 01:20:29.625412-07	d8e38ea6-ecfb-4825-808c-3a107f93b41b	1f05aad5-c084-4e3b-a961-6cfaa5458644	ec374c2f-dfc2-4d62-91c9-3bfc5b52b761	f
c9e18162-6ec6-4c7a-8d79-1ab5f2ec7229	try again1!!!	2022-08-24 06:19:29.085111-07	\N	1f05aad5-c084-4e3b-a961-6cfaa5458644	f4952816-9e04-48a2-aac4-3b20619f7425	f
279e3230-8013-463b-ac90-f36075f7f92a	aaa	2022-04-13 00:57:20.299889-07	4a2b7250-5534-443f-816b-82dea94e22e6	93b0318e-1ab5-4e79-b808-fce8b6b4e447	\N	f
52336e32-dced-4f6a-a229-f1d744375bc2	bbb	2022-04-13 00:57:33.809905-07	763694db-b134-494c-8394-76d6ac6e2627	1f05aad5-c084-4e3b-a961-6cfaa5458644	\N	f
706cf755-63ef-4f9f-a27b-baf4416fbe7c	ccc	2022-04-13 00:54:00.065154-07	57777fe5-4e03-4e3c-a532-dee7a4fd269c	93b0318e-1ab5-4e79-b808-fce8b6b4e447	\N	f
a942eb55-52f5-4c64-b55a-6ba66e4d70fb	cocker	2022-04-25 03:13:20.760829-07	3ab8c7a9-d117-45b1-9656-c1e807baa4e0	ae91800b-cd9e-43c3-a674-86832872a794	\N	f
33f8914e-bcfb-4e1f-96ae-15fef7ed2e19	aaa test memo 1	2022-06-16 01:01:58.787278-07	\N	1f05aad5-c084-4e3b-a961-6cfaa5458644	\N	f
c45279b8-bd67-4f8a-ac0c-6dfe7b9c59c3	aaa test memo 2	2022-06-16 01:01:58.787278-07	\N	1f05aad5-c084-4e3b-a961-6cfaa5458644	\N	f
abc46ebf-d76d-476b-8a05-a22d740c2066	I am handsome	2022-06-17 07:25:31.985298-07	\N	1f05aad5-c084-4e3b-a961-6cfaa5458644	\N	f
09960791-9580-48e1-bd0a-7d595935a204	Tim is handsome	2022-06-17 07:26:08.324495-07	763694db-b134-494c-8394-76d6ac6e2627	1f05aad5-c084-4e3b-a961-6cfaa5458644	\N	f
d8dae595-7115-4cca-a925-9c890f5e048c	Tim is very handsome!!	2022-06-19 20:12:44.697572-07	763694db-b134-494c-8394-76d6ac6e2627	1f05aad5-c084-4e3b-a961-6cfaa5458644	\N	f
dc309216-eeb5-488f-b907-fbfb166bf435	Work Hard!!!!	2022-06-19 20:13:01.178521-07	\N	1f05aad5-c084-4e3b-a961-6cfaa5458644	\N	f
97c4f363-9d0d-44d7-9177-1f86a4d629c3	test multilines\n\nmultilines\n\n	2022-06-19 21:25:05.357105-07	\N	1f05aad5-c084-4e3b-a961-6cfaa5458644	\N	f
11b28cb3-005f-422c-b0c8-71a30b73a83f	one more?	2022-06-21 21:48:27.241661-07	\N	1f05aad5-c084-4e3b-a961-6cfaa5458644	\N	f
0cbff0f8-1bdb-4aef-9a40-82e19dc37617	another memo	2022-06-22 02:03:53.179325-07	4a2b7250-5534-443f-816b-82dea94e22e6	1f05aad5-c084-4e3b-a961-6cfaa5458644	\N	f
2b3a1f26-5703-408e-acfc-50460494d2af	First hello memo	2022-06-22 07:11:00.856762-07	3ead4fd4-4283-4757-9044-b7cf85fe9249	1f05aad5-c084-4e3b-a961-6cfaa5458644	\N	f
e7c96eb1-9d38-47e9-8ed6-534124410e2c	每個禮拜天小明負責倒垃圾	2022-06-22 07:20:59.682988-07	3ead4fd4-4283-4757-9044-b7cf85fe9249	1f05aad5-c084-4e3b-a961-6cfaa5458644	\N	f
6bfed65a-437d-403f-ba61-4a642d243c43	書卷姐公司出價 100	2022-06-22 07:21:50.914347-07	3ead4fd4-4283-4757-9044-b7cf85fe9249	1f05aad5-c084-4e3b-a961-6cfaa5458644	\N	f
33df7136-8d15-4060-8197-75eeac2c2c81	小明欠小王 100 塊	2022-06-22 07:23:54.474701-07	3ead4fd4-4283-4757-9044-b7cf85fe9249	1f05aad5-c084-4e3b-a961-6cfaa5458644	\N	f
10fc203d-4342-4f89-b9bb-fddea21d6ebf	white       space                  ??	2022-06-25 03:19:50.755606-07	\N	1f05aad5-c084-4e3b-a961-6cfaa5458644	\N	f
e4017296-9096-4e85-bdec-9fab56e94976	hello ???	2022-06-27 20:26:54.271603-07	\N	1f05aad5-c084-4e3b-a961-6cfaa5458644	\N	f
\.


--
-- Data for Name: migration; Type: TABLE DATA; Schema: public; Owner: ackfock
--

COPY public.migration (id, kind, description, applied) FROM stdin;
20220319215648	SQL	create_ackfock_type_user_table_memo_table_and_updated_at_trigger	2022-04-12 03:13:57.97491
20220413011726	SQL	rename_user_table_to_users	2022-04-12 22:53:03.252002
20220413162335	SQL	email_authenticated_at	2022-04-13 05:04:10.055589
20220414163014	SQL	create_authentication_code_table	2022-04-14 05:32:35.326452
20220524150929	SQL	user_archive_memo_model	2022-05-25 09:11:56.529257
20220525161322	SQL	user_archive_memo_model_drop_columns	2022-05-25 09:14:26.043812
20220608074501	SQL	create_content_table_for_clog_web_dbi	2022-06-08 01:41:07.640848
20220608094157	SQL	add_token_column_to_users_table_for_clog_web_dbi	2022-06-08 02:56:47.782664
20220608115109	SQL	rename_column_password_salted_to_password	2022-06-08 04:54:36.205339
20220610112244	SQL	add_creator_column_to_memo	2022-06-10 05:03:50.096925
20220614135320	SQL	rename_archive_to_channel	2022-06-14 07:10:29.697046
20220623075745	SQL	add_parent_memo_id_to_memo	2022-06-25 00:36:36.269691
20220625073327	SQL	add_as_an_update_to_memo	2022-06-25 00:37:42.589903
20220630082309	SQL	create_extension_pg_trgm	2022-06-30 01:24:35.832117
20220630120931	SQL	drop_updated_at_column_of_memo	2022-06-30 05:26:14.797621
20220701095202	SQL	create_invitation_table	2022-07-01 03:03:45.536942
20220702053834	SQL	create_invitation_code_table	2022-07-01 23:04:09.825458
20220822031515	SQL	rename_authenticate_user_email_to_activate_user_email	2022-08-21 20:43:31.747526
20220923092136	LISP	rename_users_table_to_account	2022-09-29 18:14:01.78118
20220923102438	LISP	id_and_primary_key_compatibility	2022-10-02 20:27:23.488457
20221003032819	LISP	rename_all_column_containing__user__to__account_	2022-10-02 22:56:22.206684
20221003060101	LISP	rename_table_names_containing__user__to__account_	2022-10-03 19:29:30.248932
20221004025349	SQL	drop_trigger_on_account	2022-10-03 20:01:15.686046
\.


--
-- Data for Name: schema_migrations; Type: TABLE DATA; Schema: public; Owner: ackfock
--

COPY public.schema_migrations (version, applied_at) FROM stdin;
\.


--
-- Name: channel archive_pkey; Type: CONSTRAINT; Schema: public; Owner: ackfock
--

ALTER TABLE ONLY public.channel
    ADD CONSTRAINT archive_pkey PRIMARY KEY (id);


--
-- Name: activation_code authentication_code_pkey; Type: CONSTRAINT; Schema: public; Owner: ackfock
--

ALTER TABLE ONLY public.activation_code
    ADD CONSTRAINT authentication_code_pkey PRIMARY KEY (code);


--
-- Name: invitation_code invitation_code_pkey; Type: CONSTRAINT; Schema: public; Owner: ackfock
--

ALTER TABLE ONLY public.invitation_code
    ADD CONSTRAINT invitation_code_pkey PRIMARY KEY (code);


--
-- Name: memo memo_pkey; Type: CONSTRAINT; Schema: public; Owner: ackfock
--

ALTER TABLE ONLY public.memo
    ADD CONSTRAINT memo_pkey PRIMARY KEY (id);


--
-- Name: migration migration_pkey; Type: CONSTRAINT; Schema: public; Owner: ackfock
--

ALTER TABLE ONLY public.migration
    ADD CONSTRAINT migration_pkey PRIMARY KEY (id);


--
-- Name: schema_migrations schema_migrations_pkey; Type: CONSTRAINT; Schema: public; Owner: ackfock
--

ALTER TABLE ONLY public.schema_migrations
    ADD CONSTRAINT schema_migrations_pkey PRIMARY KEY (version);


--
-- Name: account_ackfock user_ackfock_pkey; Type: CONSTRAINT; Schema: public; Owner: ackfock
--

ALTER TABLE ONLY public.account_ackfock
    ADD CONSTRAINT user_ackfock_pkey PRIMARY KEY (account_id, memo_id, created_at);


--
-- Name: account_channel_access user_archive_access_pkey; Type: CONSTRAINT; Schema: public; Owner: ackfock
--

ALTER TABLE ONLY public.account_channel_access
    ADD CONSTRAINT user_archive_access_pkey PRIMARY KEY (account_id, channel_id);


--
-- Name: account user_email_key; Type: CONSTRAINT; Schema: public; Owner: ackfock
--

ALTER TABLE ONLY public.account
    ADD CONSTRAINT user_email_key UNIQUE (email);


--
-- Name: account user_pkey; Type: CONSTRAINT; Schema: public; Owner: ackfock
--

ALTER TABLE ONLY public.account
    ADD CONSTRAINT user_pkey PRIMARY KEY (id);


--
-- Name: account user_username_key; Type: CONSTRAINT; Schema: public; Owner: ackfock
--

ALTER TABLE ONLY public.account
    ADD CONSTRAINT user_username_key UNIQUE (username);


--
-- Name: invitation_code invitation_code_channel_id_fkey; Type: FK CONSTRAINT; Schema: public; Owner: ackfock
--

ALTER TABLE ONLY public.invitation_code
    ADD CONSTRAINT invitation_code_channel_id_fkey FOREIGN KEY (channel_id) REFERENCES public.channel(id);


--
-- Name: invitation_code invitation_code_source_user_id_fkey; Type: FK CONSTRAINT; Schema: public; Owner: ackfock
--

ALTER TABLE ONLY public.invitation_code
    ADD CONSTRAINT invitation_code_source_user_id_fkey FOREIGN KEY (source_account_id) REFERENCES public.account(id);


--
-- Name: invitation_code invitation_code_used_by_user_id_fkey; Type: FK CONSTRAINT; Schema: public; Owner: ackfock
--

ALTER TABLE ONLY public.invitation_code
    ADD CONSTRAINT invitation_code_used_by_user_id_fkey FOREIGN KEY (used_by_account_id) REFERENCES public.account(id);


--
-- Name: memo memo_channel_id_fkey; Type: FK CONSTRAINT; Schema: public; Owner: ackfock
--

ALTER TABLE ONLY public.memo
    ADD CONSTRAINT memo_channel_id_fkey FOREIGN KEY (channel_id) REFERENCES public.channel(id);


--
-- Name: memo memo_creator_id_fkey; Type: FK CONSTRAINT; Schema: public; Owner: ackfock
--

ALTER TABLE ONLY public.memo
    ADD CONSTRAINT memo_creator_id_fkey FOREIGN KEY (creator_id) REFERENCES public.account(id);


--
-- Name: memo memo_parent_memo_id_fkey; Type: FK CONSTRAINT; Schema: public; Owner: ackfock
--

ALTER TABLE ONLY public.memo
    ADD CONSTRAINT memo_parent_memo_id_fkey FOREIGN KEY (parent_memo_id) REFERENCES public.memo(id);


--
-- Name: account_ackfock user_ackfock_memo_id_fkey; Type: FK CONSTRAINT; Schema: public; Owner: ackfock
--

ALTER TABLE ONLY public.account_ackfock
    ADD CONSTRAINT user_ackfock_memo_id_fkey FOREIGN KEY (memo_id) REFERENCES public.memo(id);


--
-- Name: account_ackfock user_ackfock_user_id_fkey; Type: FK CONSTRAINT; Schema: public; Owner: ackfock
--

ALTER TABLE ONLY public.account_ackfock
    ADD CONSTRAINT user_ackfock_user_id_fkey FOREIGN KEY (account_id) REFERENCES public.account(id);


--
-- Name: account_channel_access user_channel_access_channel_id_fkey; Type: FK CONSTRAINT; Schema: public; Owner: ackfock
--

ALTER TABLE ONLY public.account_channel_access
    ADD CONSTRAINT user_channel_access_channel_id_fkey FOREIGN KEY (channel_id) REFERENCES public.channel(id);


--
-- Name: account_channel_access user_channel_access_user_id_fkey; Type: FK CONSTRAINT; Schema: public; Owner: ackfock
--

ALTER TABLE ONLY public.account_channel_access
    ADD CONSTRAINT user_channel_access_user_id_fkey FOREIGN KEY (account_id) REFERENCES public.account(id);


--
-- PostgreSQL database dump complete
--

